{"cameraMode":{"drawMode":0,"name":"Shaded","section":"Shading Mode"},"sceneLighting":true,"audioPlay":false,"sceneViewState":{"showFog":true,"showMaterialUpdate":true,"showSkybox":true,"showFlares":true,"showImageEffects":true,"showParticleSystems":true},"in2DMode":false,"pivot":{"x":16.962308883666993,"y":-31.131729125976564,"z":-78.6146469116211},"rotation":{"x":0.023719415068626405,"y":0.9532523155212402,"z":-0.29111963510513308,"w":0.07766812294721604},"size":49.382503509521487,"orthographic":false}