{"cameraMode":{"drawMode":0,"name":"Shaded","section":"Shading Mode"},"sceneLighting":true,"audioPlay":false,"sceneViewState":{"showFog":true,"showMaterialUpdate":true,"showSkybox":true,"showFlares":true,"showImageEffects":true,"showParticleSystems":true},"in2DMode":false,"pivot":{"x":25.291173934936525,"y":-14.375441551208496,"z":-15.214163780212403},"rotation":{"x":-0.016578080132603647,"y":0.9569478631019592,"z":-0.2844173312187195,"w":-0.05575893074274063},"size":27.033737182617189,"orthographic":false}