{"cameraMode":{"drawMode":0,"name":"Shaded","section":"Shading Mode"},"sceneLighting":true,"audioPlay":false,"sceneViewState":{"showFog":true,"showMaterialUpdate":true,"showSkybox":true,"showFlares":true,"showImageEffects":true,"showParticleSystems":true},"in2DMode":false,"pivot":{"x":22.876794815063478,"y":-37.210506439208987,"z":-37.49907302856445},"rotation":{"x":0.0021520263981074096,"y":0.8940959572792053,"z":-0.447889119386673,"w":0.004287781659513712},"size":39.774417877197269,"orthographic":false}