{"cameraMode":{"drawMode":0,"name":"Shaded","section":"Shading Mode"},"sceneLighting":true,"audioPlay":false,"sceneViewState":{"showFog":true,"showMaterialUpdate":true,"showSkybox":true,"showFlares":true,"showImageEffects":true,"showParticleSystems":true},"in2DMode":false,"pivot":{"x":31.322668075561525,"y":-32.0412712097168,"z":-15.880318641662598},"rotation":{"x":0.18785496056079865,"y":0.8108897805213928,"z":-0.36592280864715578,"w":0.41629916429519656},"size":49.382503509521487,"orthographic":false}